<?xml version="1.0" encoding="UTF-8"?>
<!-- edited with XML Spy v5 beta 4 U (http://www.xmlspy.com) by Alex Pilz (pilzindustries) -->
<?altova_sps OrgChart.sps?>
<?xml-stylesheet type="text/xsl" href="OrgChartDebug.xslt"?>
<OrgChart xmlns="http://www.xmlspy.com/schemas/orgchart" xmlns:ipo="http://www.altova.com/IPO" xmlns:xsi="http://www.w3.org/2001/XMLSchema-instance" xsi:schemaLocation="http://www.xmlspy.com/schemas/orgchart
OrgChart.xsd">
	<CompanyLogo href="nanonull.gif"/>
	<Name>Organization Chart</Name>
	<Office>
		<Name>Nanonull, Inc.</Name>
		<Established>1992-04-01</Established>
		<Desc>
			<para>The company was established in Vereno,  in 1995 and is privately held. <italic>Nanonull </italic>has been actively involved in developing nanoelectronic software technologies since 1996 and released the first version of its products in February 1999.</para>
			<para><strong>Due to the fact </strong>that nanoelectronic software components are so small that <strong>nobody can see </strong>it the company is not well known to the public.</para>
		</Desc>
		<Address>
			<ipo:street>119 Oakstreet, Suite 4876</ipo:street>
			<ipo:city>Vereno</ipo:city>
			<ipo:state>DC</ipo:state>
			<ipo:zip>29213</ipo:zip>
		</Address>
		<Phone>+1 (321) 555 5155</Phone>
		<Fax>+1 (321) 555 5155 - 9</Fax>
		<EMail>office@nanonull.com</EMail>
		<WebStore>true</WebStore>
		<CustomerSupport>true</CustomerSupport>
		<Department>
			<Name>Administration</Name>
			<Person>
				<First>Vernon</First>
				<Last>Callaby</Last>
				<Title>Office Manager</Title>
				<PhoneExt>582</PhoneExt>
				<EMail>v.callaby@nanonull.com</EMail>
			</Person>
			<Person>
				<First>Frank</First>
				<Last>Further</Last>
				<Title>Accounts Receivable</Title>
				<PhoneExt>471</PhoneExt>
				<EMail>f.further@nanonull.com</EMail>
			</Person>
			<Person>
				<First>Loby</First>
				<Last>Matise</Last>
				<Title>Accounting Manager</Title>
				<PhoneExt>963</PhoneExt>
				<EMail>l.matise@nanonull.com</EMail>
			</Person>
		</Department>
		<Department>
			<Name>Marketing</Name>
			<Person>
				<First>Joe</First>
				<Last>Firstbread</Last>
				<Title>Marketing Manager Europe</Title>
				<PhoneExt>621</PhoneExt>
				<EMail>j.firstbread@nanonull.com</EMail>
			</Person>
			<Person>
				<First>Susi</First>
				<Last>Sanna</Last>
				<Title>Art Director</Title>
				<PhoneExt>753</PhoneExt>
				<EMail>s.sanna@nanonull.com</EMail>
			</Person>
		</Department>
		<Department>
			<Name>Engineering</Name>
			<Person>
				<First>Fred</First>
				<Last>Landis</Last>
				<Title>Program Manager</Title>
				<PhoneExt>951</PhoneExt>
				<EMail>f.landis@nanonull.com</EMail>
			</Person>
			<Person>
				<First>Michelle</First>
				<Last>Butler</Last>
				<Title>Software Engineer</Title>
				<PhoneExt>654</PhoneExt>
				<EMail>m.landis@nanonull.com</EMail>
			</Person>
			<Person>
				<First>Ted</First>
				<Last>Little</Last>
				<Title>Software Engineer</Title>
				<PhoneExt>852</PhoneExt>
				<EMail>t.little@nanonull.com</EMail>
			</Person>
			<Person>
				<First>Ann</First>
				<Last>Way</Last>
				<Title>Technical Writer</Title>
				<PhoneExt>951</PhoneExt>
				<EMail>a.way@nanonull.com</EMail>
			</Person>
			<Person>
				<First>Liz</First>
				<Last>Gardner</Last>
				<Title>Software Engineer</Title>
				<PhoneExt>753</PhoneExt>
				<EMail>l.gardner@nanonull.com</EMail>
			</Person>
			<Person>
				<First>Paul</First>
				<Last>Smith</Last>
				<Title>Software Engineer</Title>
				<PhoneExt>334</PhoneExt>
				<EMail>p.smith@nanonull.com</EMail>
			</Person>
		</Department>
		<Department>
			<Name>IT &amp; Technical Support</Name>
			<Person>
				<First>Alex</First>
				<Last>Martin</Last>
				<Title>IT Manager</Title>
				<PhoneExt>778</PhoneExt>
				<EMail>a.martin@nanonull.com</EMail>
			</Person>
			<Person>
				<First>George</First>
				<Last>Hammer</Last>
				<Title>Web Developer</Title>
				<PhoneExt>223</PhoneExt>
				<EMail>g.hammer@nanonull.com</EMail>
			</Person>
			<Person>
				<First>Jessica</First>
				<Last>Bander</Last>
				<Title>Support Engineer</Title>
				<PhoneExt>241</PhoneExt>
				<EMail>j.band@nanonull.com</EMail>
			</Person>
			<Person>
				<First>Lui</First>
				<Last>King</Last>
				<Title>Support Engineer</Title>
				<PhoneExt>345</PhoneExt>
				<EMail>l.king@nanonull.com</EMail>
			</Person>
		</Department>
	</Office>
	<Office>
		<Name>Nanonull Partners, Inc.</Name>
		<Established>2001-03-01</Established>
		<Desc>
			<para>On March 1st, 2000, <italic>Nanonull </italic>established it's new office in Brenton, MA. This subsidiary primarily is responsible for marketing, technical support and sales to key customers and partner networks.</para>
		</Desc>
		<Address>
			<ipo:street>9865 Millenium Center, Suite 456</ipo:street>
			<ipo:city>Brenton</ipo:city>
			<ipo:state>MA</ipo:state>
			<ipo:zip>05985</ipo:zip>
		</Address>
		<Phone>+1 (927) 555 0094</Phone>
		<Fax>+1 (927) 555 1845</Fax>
		<EMail>nextoffice@nanonull.com</EMail>
		<WebStore>false</WebStore>
		<CustomerSupport>true</CustomerSupport>
		<Department>
			<Name>Administration</Name>
			<Person>
				<First>Steve</First>
				<Last>Meier</Last>
				<Title>Office Manager</Title>
				<PhoneExt>114</PhoneExt>
				<EMail>s.meier@nanonull.com</EMail>
			</Person>
			<Person>
				<First>Theo</First>
				<Last>Bone</Last>
				<Title>Accounts Receivable</Title>
				<PhoneExt>331</PhoneExt>
				<EMail>t.bone@nanonull.com</EMail>
			</Person>
		</Department>
		<Department>
			<Name>Marketing</Name>
			<Person>
				<First>Max</First>
				<Last>Nafta</Last>
				<Title>PR &amp; Marketing Manager US</Title>
				<PhoneExt>122</PhoneExt>
				<EMail>m.nafta@nanonull.com</EMail>
			</Person>
		</Department>
		<Department>
			<Name>IT &amp; Technical Support</Name>
			<Person>
				<First>Valentin</First>
				<Last>Bass</Last>
				<Title>IT Manager</Title>
				<PhoneExt>716</PhoneExt>
				<EMail>v.bass@nanonull.com</EMail>
			</Person>
			<Person>
				<First>Carl</First>
				<Last>Franken</Last>
				<Title>Support Engineer</Title>
				<PhoneExt>147</PhoneExt>
				<EMail>c.franken@nanonull.com</EMail>
			</Person>
			<Person>
				<First>Mark</First>
				<Last>Redgreen</Last>
				<Title>Support Engineer</Title>
				<PhoneExt>152</PhoneExt>
				<EMail>m.redgreen@nanonull.com</EMail>
			</Person>
		</Department>
	</Office>
</OrgChart>
