<!-- edited with XML Spy v3.5.0.2 NT (http://www.xmlspy.com) by Alex Pilz (Altova) -->
<Import>
	<Row Degree="MA" Manager="false" Programmer="true">
		<EMail>Aldrich@work.com</EMail>
		<First>Alfred</First>
		<Last>Aldrich</Last>
		<PhoneExt>33</PhoneExt>
	</Row>
	<Row Degree="Ph.D" Manager="true" Programmer="false">
		<EMail>Coletti@work.com</EMail>
		<First>Colin</First>
		<Last>Coletti</Last>
		<PhoneExt>444</PhoneExt>
	</Row>
	<Row Degree="BA" Manager="true" Programmer="false">
		<EMail>Smith@work.com</EMail>
		<First>Fred</First>
		<Last>Smith</Last>
		<PhoneExt>22</PhoneExt>
	</Row>
</Import>
